IsCon,VoiceTraffic,HRVT,PDCH,Traffic,DLTraffic,HRR,SDCon,Access Performance
1,13.36,13.36,24.29,421.2691699,282.8215332,1,0.023506942,0.361726
1,28.07,19.76,1,3.161630859,2.232060547,0.7039544,0,0.511666
1,1.9,0,3.55,3.569707031,2.577880859,0,0,0.686261
1,20.4,20.24,10.97,70.26172852,48.77087891,0.992156863,0,0.837281
1,1.98,0.3,3.08,6.417734375,3.987431641,0.151515152,0,0.84968
1,4.8,0.04,1.85,3.565429688,2.076904297,0.008333333,0,0.84536
1,4.8,0.04,1.85,3.565429688,2.076904297,0.008333333,0,0.84536
1,4.8,0.04,1.85,3.565429688,2.076904297,0.008333333,0,0.84536
1,6.49,0,23.64,18.49012695,10.65967773,0,0,0.858742
1,36.03,31.58,4.91,12.5903418,8.745117188,0.876491812,0,0.876346
1,36.03,31.58,4.91,12.5903418,8.745117188,0.876491812,0,0.876346
1,10.88,10.83,4.11,21.08436523,15.78918945,0.995404412,0,0.886255
1,14.99,14.99,1,0.999277344,0.571416016,1,0,0.87826
1,2.23,0,4.56,10.79419922,7.870488281,0,0,0.9
1,23.39,23.38,4.08,30.67126953,21.42151367,0.999572467,0.000396904,0.920776
1,23.39,23.38,4.08,30.67126953,21.42151367,0.999572467,0.000396904,0.920776
1,8.53,8.53,3.29,6.957890625,4.518925781,1,0,0.920231
1,72.32,16.13,15.2,85.70716797,58.83459961,0.223036504,0,0.944663
1,8.62,2.45,1,5.390390625,3.997685547,0.284222738,0,0.953352
1,47.2,16.19,12.1,136.0776465,91.53967773,0.343008475,0,0.95416
1,4.54,0,0.79,2.872695313,1.907841797,0,0,0.957352
1,12.41,12.23,4.69,55.6969043,42.9128418,0.985495568,0,0.956327
1,23.06,0,11.48,22.4731543,15.47644531,0,0,0.964901
1,23.06,0,11.48,22.4731543,15.47644531,0,0,0.964901
1,14.16,10.63,7.86,47.16943359,28.33154297,0.750706215,0,0.973201
1,1.22,0,1.28,1.785400391,1.246826172,0,0,0.914893
1,2.43,0.57,0.88,2.4665625,1.425908203,0.234567901,0,0.975318
1,2.66,0.77,8.37,61.66041016,48.04761719,0.289473684,0.005234356,0.967691
1,13.75,12.52,1,4.296875,2.933105469,0.910545455,0,0.979661
1,8.44,8.42,6.43,43.68469727,35.69140625,0.997630332,0,0.975991
1,12,9.21,19.8,42.39527344,32.30383789,0.7675,0,0.978123
1,12,9.21,19.8,42.39527344,32.30383789,0.7675,0,0.978123
1,6.57,0,1,0.8728125,0.712167969,0,0,0.923741
1,8.89,0,7.85,44.93384766,32.12634766,0,0,0.98118
1,53.44,15.85,2.84,26.61731445,16.90979492,0.296594311,0,0.978705
1,2.31,2.31,2.13,0.956064453,0.510869141,1,0,0.982857
1,42.58,15.15,4.15,80.49244141,53.56446289,0.355800845,0,0.983412
1,4.17,4.17,0.78,0.946542969,0.749638672,1,0,0.977045
1,40.56,40.53,9.43,57.60266602,40.89135742,0.999260355,0,0.982814
1,40.56,40.53,9.43,57.60266602,40.89135742,0.999260355,0,0.982814
1,2.81,0,1.91,5.154667969,3.385625,0,0,0.981989
1,45.2,41.67,3.13,35.39185547,24.52112305,0.921902655,0,0.984691
1,9.17,6.69,2.75,41.69410156,27.49109375,0.72955289,0,0.987931
1,27.38,27.38,9.04,34.93556641,23.30713867,1,0,0.987503
1,27.38,27.38,9.04,34.93556641,23.30713867,1,0,0.987503
1,4.87,0,3.46,5.243535156,3.809208984,0,0,0.955852
1,3.35,0.01,4.79,34.34594727,28.92041016,0.002985075,0.000859107,0.977941
1,4.35,3.57,5.43,75.88649414,56.02564453,0.820689655,0,0.987668
1,3.2,0,2.89,1.972177734,1.317636719,0,0,0.985452
1,6.53,2.98,3.26,7.261611328,4.87390625,0.456355283,0,0.988281
1,4.65,0.54,1,4.164921875,2.884160156,0.116129032,0,0.991257
1,3.48,0,0.39,0.476201172,0.345458984,0,0,0.98814
1,16.62,14.53,7.6,68.61330078,46.60450195,0.874247894,0,0.993693
1,8.67,8.67,8.64,27.86230469,20.22216797,1,0.003270646,0.968745
1,5.11,0,7.23,10.30702148,7.280400391,0,0,0.993643
1,23.25,22.93,1.81,4.532597656,3.024658203,0.986236559,0,0.991981
1,9.21,2.36,31.24,177.5553125,131.172002,0.256243214,0,0.994081
1,9.21,2.36,31.24,177.5553125,131.172002,0.256243214,0,0.994081
1,9.21,2.36,31.24,177.5553125,131.172002,0.256243214,0,0.994081
1,6.21,0,6.48,5.668710938,3.891484375,0,0,0.988572
1,5.23,0,1.51,6.217412109,5.054443359,0,0,0.98476
1,50.45,48.5,3.12,44.58630859,31.03455078,0.961347869,0,0.994037
1,2.9,2.88,5.21,40.96423828,35.74841797,0.993103448,0,0.995098
1,2.9,2.88,5.21,40.96423828,35.74841797,0.993103448,0,0.995098
1,11.62,0,4.98,26.57020508,20.31080078,0,0,0.994018
1,11.62,0,4.98,26.57020508,20.31080078,0,0,0.994018
1,18.9,11.53,5.15,27.29626953,21.95678711,0.61005291,0,0.992239
1,11.05,0,15.57,42.48366211,31.31470703,0,0,0.991561
1,11.05,0,15.57,42.48366211,31.31470703,0,0,0.991561
1,11.05,0,15.57,42.48366211,31.31470703,0,0,0.991561
1,11.05,0,15.57,42.48366211,31.31470703,0,0,0.991561
1,6.66,0,4.3,10.87855469,8.203251953,0,0,0.985339
1,22.19,16.01,71.55,151.9652246,121.1920215,0.721496169,0.151269682,0.804249
1,7.19,0,9.43,12.01294922,8.549199219,0,0,0.990634
1,10.23,8.99,4.6,31.84949219,23.39355469,0.878787879,0.000732815,0.995696
1,7.61,0,12.34,105.719375,81.64112305,0,0,0.996372
1,7.61,0,12.34,105.719375,81.64112305,0,0,0.996372
1,16.82,16.62,44.83,384.8896484,288.4870605,0.988109394,0,0.992886
1,25.11,23.36,7.07,15.05555664,10.72351563,0.930306651,0,0.992064
1,24.76,14.63,5.96,113.1676074,67.40698242,0.590872375,0,0.891652
1,15.49,1.38,14.6,75.0925293,56.76855469,0.089089735,0,0.994475
1,17.87,8.62,20.88,81.44861328,60.57996094,0.482372692,0,0.99449
1,7.44,7.43,8.75,37.66981445,25.30603516,0.998655914,0,0.992566
1,19.63,17.04,2.83,13.98609375,11.53711914,0.868059093,0,0.997647
1,12.82,4.94,8.95,71.41822266,48.73950195,0.385335413,0,0.995516
1,12.21,0,4.98,12.59180664,7.376230469,0,0,0.99211
1,32.03,32.03,26.29,61.98767578,42.28162109,1,0,0.994177
1,26.99,4.3,13.95,44.22583984,34.29272461,0.159318266,0,0.997511
1,13.59,0,7.81,39.56421875,30.60328125,0,0,0.999086
1,9.38,9.38,2.86,10.92553711,8.804443359,1,0,0.996582
1,41.52,26.81,5.58,52.72694336,36.29517578,0.645712909,0,0.997643
1,37.72,37.63,21.09,63.33924805,44.71741211,0.997613998,9.03E-05,0.994278
1,15.53,6.22,6.81,50.3978418,40.11731445,0.400515132,0.170517277,0.844609
1,30.19,29.66,25.02,47.57764648,34.1684668,0.982444518,0,0.999153
1,15.73,5.09,5.44,39.23524414,29.83777344,0.323585505,0,0.999134
1,27.58,0.26,23.74,46.60889648,30.21277344,0.009427121,0.000323334,0.892709
1,25.31,1.63,12.17,85.13368164,65.64283203,0.064401422,0,0.998845
1,76.24,18.33,12.74,153.6753027,106.0933887,0.240424974,0,0.999408
1,76.24,18.33,12.74,153.6753027,106.0933887,0.240424974,0,0.999408
0,78.97,43.15,13.72,28.964375,19.61304688,0.546410029,0,0.999394
0,67.37,21.71,14.17,32.0603125,24.25793945,0.32225026,0,0.99813
0,60.4,45.26,12.33,91.95900391,64.05396484,0.749337748,0,0.999471
0,60.31,30.3,50.43,343.1197559,252.1982422,0.502404245,0,0.999881
0,60.31,30.3,50.43,343.1197559,252.1982422,0.502404245,0,0.999881
0,60.31,30.3,50.43,343.1197559,252.1982422,0.502404245,0,0.999881
0,59.97,48.73,22.22,62.3243457,43.10913086,0.812572953,0,0.99929
0,57.8,57.8,39.71,283.6753027,216.7528125,1,0,0.999556
0,56.66,22.09,19.04,107.4471484,78.9465332,0.389869396,0,0.999682
0,55.58,51,3.82,49.89306641,33.36865234,0.917596258,0,2.000761
0,54.72,5.04,33.05,104.2388965,76.14514648,0.092105263,0,0.999092
0,54.72,5.04,33.05,104.2388965,76.14514648,0.092105263,0,0.999092
0,54.44,7.64,10.83,55.60181641,40.24146484,0.140337987,0,0.998914
0,54.44,7.64,10.83,55.60181641,40.24146484,0.140337987,0,0.998914
0,54.3,12.34,14.21,92.72876953,71.68738281,0.227255985,0,0.999723
0,54.11,54.09,21.44,70.99793945,50.01379883,0.999630383,0,0.998999
0,52.63,29.56,9,133.1657813,85.44226563,0.56165685,0,0.998989
0,52.63,29.56,9,133.1657813,85.44226563,0.56165685,0,0.998989
0,52.13,0.78,8.1,76.74623047,52.67701172,0.014962594,0,1
0,49.05,5.61,9.29,52.42016602,39.80175781,0.114373089,0,1
0,48.82,48.06,22.8,178.1225684,129.6218262,0.98443261,0.021057868,0.979107
0,48.66,4.18,20.53,79.33204102,60.04089844,0.085902178,0,0.997651
0,47.72,47.72,7.97,145.1756738,101.3730566,1,0,0.99956
0,47.55,23.79,35.08,295.2938281,217.5510254,0.500315457,0,1
0,47.55,23.79,35.08,295.2938281,217.5510254,0.500315457,0,1
0,46.64,46.56,17.68,11.79408203,7.665537109,0.998284734,0,0.999037
0,46.64,46.56,17.68,11.79408203,7.665537109,0.998284734,0,0.999037
0,46.47,46.21,14.16,37.46436523,28.73767578,0.994404992,0,1
0,46.47,46.21,14.16,37.46436523,28.73767578,0.994404992,0,1
0,46.43,0.03,14.26,90.32178711,61.85461914,0.000646134,0,0.999627
0,46.38,46.38,39.99,311.5695996,230.9228613,1,0,0.999559
0,45.95,39.31,12.96,80.13454102,59.08448242,0.855495103,0,1.000403
0,45.13,45.07,51.97,132.946416,101.7047168,0.998670507,0,0.994964
0,45.07,40.76,81.58,618.8012793,412.739873,0.904370978,0,0.99986
0,45.07,40.76,81.58,618.8012793,412.739873,0.904370978,0,0.99986
0,45.07,40.76,81.58,618.8012793,412.739873,0.904370978,0,0.99986
0,44.52,44.07,34.82,280.8901367,191.4943848,0.989892183,0.000571719,0.999233
0,44.5,30.43,23.53,73.16211914,54.33679688,0.683820225,0,0.99823
0,44.5,30.43,23.53,73.16211914,54.33679688,0.683820225,0,0.99823
0,43.03,23.04,24.52,97.08277344,69.10242188,0.53544039,0,0.999365
0,42.77,42.7,24.89,89.73402344,70.62146484,0.998363339,0,0.997193
0,42.64,9.28,15.97,100.3298438,75.58166992,0.217636023,0,0.998548
0,42.64,9.28,15.97,100.3298438,75.58166992,0.217636023,0,0.998548
0,42.53,0,3.8,2.030410156,1.3884375,0,0,0.998696
0,42.52,32.7,11.28,79.55811523,58.93676758,0.769049859,0,0.99685
0,42.45,11.44,34.19,317.9610742,246.9083301,0.269493522,0,0.998006
0,41.83,41.81,7.89,52.08119141,38.84290039,0.999521874,0,1
0,41.83,41.81,7.89,52.08119141,38.84290039,0.999521874,0,1
0,41.03,1.97,15.66,73.25123047,54.97302734,0.048013649,0,1.000316
0,41.03,1.97,15.66,73.25123047,54.97302734,0.048013649,0,1.000316
0,40.76,40.67,12.55,69.43166016,53.18995117,0.997791953,0,0.997786
0,40.71,38.17,3.84,58.72658203,39.30884766,0.937607467,0,1.000096
0,40.69,40.55,15.38,70.50526367,49.40796875,0.996559351,0,0.998847
0,40.32,10.17,8.89,51.54138672,40.19189453,0.252232143,0,0.998571
0,40.32,0,48.94,236.1213477,179.5433398,0,0,0.999237
0,40.32,0,48.94,236.1213477,179.5433398,0,0,0.999237
0,40.16,31.38,33.06,116.6578516,89.45533203,0.781374502,0,0.998265
0,40,0.39,29.67,319.7052051,174.8504688,0.00975,0,0.999635
0,39.87,29.47,44.81,295.3319238,219.2622168,0.739152245,0,0.99847
0,39.58,0.55,4.2,11.52405273,8.743164063,0.013895907,0,1
0,39.55,34.7,9.25,10.45875977,6.981943359,0.877370417,0,0.993328
0,39.55,34.7,9.25,10.45875977,6.981943359,0.877370417,0,0.993328
0,39.12,0.02,7.29,53.70508789,39.58326172,0.000511247,0,0.999425
0,39.1,38.91,52.3,106.6101172,84.89587891,0.995140665,0,0.999143
0,39,0.65,14.34,136.4560645,101.840459,0.016666667,0,1.000529
0,38.42,15.22,12.06,93.81311523,74.41894531,0.39614784,0,0.999718
0,38.37,29.87,12.07,57.48207031,43.05347656,0.778472765,0,0.998463
0,37.75,18.47,39.66,365.3200781,265.9663184,0.489271523,0,1.000136
0,37.75,18.47,39.66,365.3200781,265.9663184,0.489271523,0,1.000136
0,37.75,18.47,39.66,365.3200781,265.9663184,0.489271523,0,1.000136
0,37.75,18.47,39.66,365.3200781,265.9663184,0.489271523,0,1.000136
0,37.72,0.9,21.99,229.6671191,143.9996387,0.023860021,0.000613999,0.998967
0,37.64,0.92,5.22,8.165908203,5.567392578,0.024442083,0,1
0,37.64,0.92,5.22,8.165908203,5.567392578,0.024442083,0,1
0,37.54,11.46,23.6,178.8332715,121.5864355,0.305274374,0,0.999599
0,37.22,31.49,19.26,134.6173145,100.0202637,0.84605051,0,0.998653
0,37.22,31.49,19.26,134.6173145,100.0202637,0.84605051,0,0.998653
0,37.22,31.49,19.26,134.6173145,100.0202637,0.84605051,0,0.998653
0,37.07,37.06,15.94,91.46094727,67.63134766,0.99973024,0,0.998567
0,36.81,18.42,21.99,86.21521484,57.74060547,0.500407498,0,0.997186
0,36.81,18.42,21.99,86.21521484,57.74060547,0.500407498,0,0.997186
0,36.67,36.56,27.6,71.95790039,51.72766602,0.997000273,0,0.998972
0,36.62,36.59,27.5,72.78125977,54.41578125,0.999180776,0,0.998882
0,36.43,29.36,11.21,23.00160156,14.71265625,0.805929179,0,0.999291
0,36.23,15.72,21.54,66.84302734,50.54102539,0.433894563,0,0.99836
0,35.91,14.97,17.04,160.6058398,106.1166992,0.416875522,0,1
0,35.76,17.28,12.03,123.9643555,99.11328125,0.483221477,0,1
0,35.31,34.59,19.31,82.61097656,69.67994141,0.979609176,0,0.999302
0,35.31,0,20.79,43.08264648,31.39832031,0,0,0.996353
0,35.3,24.11,27.21,92.35889648,72.32349609,0.683002833,0,0.998851
0,35.19,2.29,24.08,174.509043,132.6114551,0.065075305,0,0.999877
0,35.07,0,24.95,91.52992188,68.16578125,0,0,0.99701
0,34.98,11.23,5.4,9.164560547,6.535283203,0.321040595,0,0.997839
0,34.98,0,9.27,27.6194043,22.00049805,0,0,0.998415
0,34.92,1.78,15.71,67.60914063,47.4731543,0.050973654,0,0.988372
0,34.68,2.34,22.62,52.9978125,38.14709961,0.067474048,0,0.996386
0,34.68,2.34,22.62,52.9978125,38.14709961,0.067474048,0,0.996386
0,34.57,1.21,17.91,30.92371094,21.32617188,0.035001446,0,0.999202
0,34.52,34.38,25.27,49.04371094,33.5525,0.99594438,0,1
0,34.45,7.25,9.4,44.7909082,33.4821875,0.210449927,0,0.997573
0,34.37,34.13,42.72,77.48865234,57.58886719,0.993017166,0,0.999089
0,34.19,1.75,16.82,78.88783203,60.01636719,0.051184557,0,0.996375
0,34.19,1.75,16.82,78.88783203,60.01636719,0.051184557,0,0.996375
0,33.99,32.26,4.08,58.07203125,41.11438477,0.949102677,0,0.999604
0,33.75,0,38.86,182.0516504,144.8111621,0,0,0.993361
0,33.75,0,38.86,182.0516504,144.8111621,0,0,0.993361
0,33.65,1.44,20.66,80.94739258,61.58337891,0.042793462,0,0.99926
0,33.6,33.53,5.58,34.50770508,24.1059668,0.997916667,0,1
0,33.39,2.13,18.64,38.17480469,29.76782227,0.063791554,0,1.000372
0,33.39,2.13,18.64,38.17480469,29.76782227,0.063791554,0,1.000372
0,33.38,33.32,21.31,68.65772461,52.49451172,0.998202516,0,0.999753
0,33.3,33.21,28.63,134.361582,90.8269043,0.997297297,0,0.997266
0,33.3,33.21,28.63,134.361582,90.8269043,0.997297297,0,0.997266
0,33.3,33.21,28.63,134.361582,90.8269043,0.997297297,0,0.997266
0,33.3,33.21,28.63,134.361582,90.8269043,0.997297297,0,0.997266
0,32.71,32.71,15,122.5877734,85.14648438,1,0,0.999641
0,32.71,32.71,15,122.5877734,85.14648438,1,0,0.999641
0,32.7,4.05,8.5,31.46912109,20.61584961,0.123853211,0,1
0,32.48,32.29,15.34,60.43824219,43.88769531,0.994150246,0,0.997668
0,32.28,0,16,220.4288477,159.9423926,0,0,0.999536
0,32.04,31.96,25.68,59.21924805,39.50549805,0.997503121,0,0.999731
0,32.02,4.8,21.83,51.77613281,37.97546875,0.149906309,0,0.996482
0,31.87,0,15.06,30.625625,20.37244141,0,0,1.000537
0,31.81,0,25.28,63.59363281,41.21716797,0,0,0.99559
0,31.81,0,25.28,63.59363281,41.21716797,0,0,0.99559
0,31.61,31.56,21.4,67.48695313,53.69361328,0.998418222,0,0.99907
0,31.58,31.54,17.46,92.67041992,74.13611328,0.998733376,0,0.998595
0,31.54,27.2,11.63,78.234375,64.01977539,0.862396956,0,0.998198
0,31.47,0.64,16.95,52.39393555,37.56788086,0.020336829,0,0.997177
0,31.42,19.34,20.25,113.5844922,77.73707031,0.615531509,0,1
0,31.41,31.26,21.14,64.15198242,51.71204102,0.995224451,0,0.996835
0,31.41,31.26,21.14,64.15198242,51.71204102,0.995224451,0,0.996835
0,31.41,31.26,21.14,64.15198242,51.71204102,0.995224451,0,0.996835
0,31.41,3.56,29.97,85.43835938,63.76025391,0.113339701,0,0.999855
0,31.39,31.36,37.13,47.5797168,31.41858398,0.999044282,0,0.997965
0,31.37,31.35,11.33,21.63000977,14.3527832,0.999362448,0,0.986152
0,31.37,0,44.34,156.4552051,116.0402832,0,0,0.998671
0,31.33,31.33,7.96,27.34717773,19.72290039,1,0,0.997387
0,31.27,31.21,23.16,60.68213867,47.4962207,0.998081228,0,0.998296
0,31.15,0.58,8.1,49.07570313,36.13868164,0.018619583,0,0.99975
0,31.1,31.09,7.91,54.56080078,39.79273438,0.999678457,0,0.998225
0,30.87,0.94,7.9,26.75854492,20.00610352,0.030450275,0,1
0,30.82,22.15,37.33,248.7207129,185.3468066,0.718689163,0,1
0,30.82,22.15,37.33,248.7207129,185.3468066,0.718689163,0,1
0,30.61,8.21,29.32,156.5261328,120.7004492,0.268213002,0,0.999218
0,30.61,8.21,29.32,156.5261328,120.7004492,0.268213002,0,0.999218
0,30.59,16.12,6.15,33.25598633,22.49597656,0.526969598,0,0.998412
0,30.39,0,4.03,20.09022461,15.50989258,0,0,0.998742
0,30.39,0,4.03,20.09022461,15.50989258,0,0,0.998742
0,30.38,25.6,10.69,39.71046875,29.67212891,0.842659645,0,0.997857
0,30.38,0.61,21.27,76.09571289,60.25170898,0.020078999,0,0.998458
0,30.36,0,25.76,79.92835938,61.12219727,0,0,0.997365
0,30.28,15.29,39.97,384.7735645,268.5494434,0.504953765,0,0.999872
0,30.15,18.14,13.85,18.4403125,11.63818359,0.601658375,0,0.99888
0,30.13,30.05,6,16.67859375,11.87084961,0.997344839,0,0.986067
0,30.13,30.05,6,16.67859375,11.87084961,0.997344839,0,0.986067
0,30.12,30.11,16.65,44.500625,28.73694336,0.999667995,0,0.983869
0,29.97,29.7,7.98,13.69117188,9.593144531,0.990990991,0,0.997267
0,29.93,29.31,16.9,158.3645117,140.6680957,0.979284998,0,1
0,29.93,0,18.71,28.76161133,20.30603516,0,0,0.995811
0,29.92,4.71,23.86,78.21191406,62.45214844,0.157419786,0,0.999006
0,29.9,4.84,20.89,172.123916,112.821543,0.16187291,0,0.999617
0,29.84,25.12,14.27,20.37379883,14.7490332,0.841823056,0,0.936633
0,29.84,0,7.88,88.8894043,60.41381836,0,0,0.999824
0,29.81,0,19.13,67.83716797,44.61169922,0,0,0.997758
0,29.79,0.63,18.96,82.53882813,65.03796875,0.021148036,0,1
0,29.77,29.73,21.85,64.83729492,50.79883789,0.998656365,0,0.994947
0,29.77,29.73,21.85,64.83729492,50.79883789,0.998656365,0,0.994947
0,29.74,29.71,6.29,36.73011719,28.33985352,0.998991258,0,0.997065
0,29.74,29.71,6.29,36.73011719,28.33985352,0.998991258,0,0.997065
0,29.59,0,32.87,110.891123,82.86036133,0,0,0.999804
0,29.59,0,32.87,110.891123,82.86036133,0,0,0.999804
0,29.57,1.96,15.01,62.64832031,46.42981445,0.066283395,0,0.999758
0,29.57,1.96,15.01,62.64832031,46.42981445,0.066283395,0,0.999758
0,29.57,1.96,15.01,62.64832031,46.42981445,0.066283395,0,0.999758
0,29.56,28.74,7.62,32.77795898,23.30664063,0.972259811,0,0.999754
0,29.48,0.11,5.79,15.00049805,10.38049805,0.003731343,0,0.997761
0,29.48,0.11,5.79,15.00049805,10.38049805,0.003731343,0,0.997761
0,29.47,26.11,4.56,38.71290039,28.66077148,0.885985748,0,0.999501
0,29.43,8.79,13.34,63.57374023,45.9965918,0.298674822,0,0.999804
0,29.3,0,29.39,266.4205371,201.1134082,0,0,0.999193
0,29.2,29.2,22.99,222.4091895,130.1641895,1,0,0.996011
0,29.2,0,6.78,26.1244043,18.8584082,0,0,1
0,29.13,3.09,8,150.2041113,97.92810547,0.10607621,0,0.998638
0,29.1,0.01,11.99,18.69507813,13.41895508,0.000343643,0,0.999643
0,29.09,29.05,38.1,136.8496289,101.1828711,0.998624957,0,0.99796
0,28.99,28.99,6.89,45.89283203,36.02771484,1,0,0.999176
0,28.98,7.71,38.58,72.28797852,51.70557617,0.266045549,0,0.9993
0,28.97,28.7,17.3,146.7152246,111.3875781,0.990680014,0,0.999253
0,28.88,0,13.01,31.03882813,22.86902344,0,0,0.997679
0,28.85,27.18,4,19.37549805,13.97375977,0.942114385,0,0.999477
0,28.83,10.49,26.95,77.59071289,57.46692383,0.363857093,0,0.999495
0,28.8,0,2.2,9.029550781,6.076298828,0,0,1.000541
0,28.78,28.75,24,277.3227637,207.8897754,0.998957609,0,0.996207
0,28.71,0,4.4,12.2478125,9.497685547,0,0,0.996854
0,28.71,0,4.4,12.2478125,9.497685547,0,0,0.996854
0,28.58,28.54,14.54,28.07032227,21.08875,0.99860042,0,0.997476
0,28.58,28.54,14.54,28.07032227,21.08875,0.99860042,0,0.997476
0,28.54,28.51,28.45,95.02113281,77.32398438,0.998948844,0,1
0,28.54,28.51,28.45,95.02113281,77.32398438,0.998948844,0,1
0,28.53,0,10.85,33.17847656,21.55847656,0,0,0.995262
0,28.53,0,10.85,33.17847656,21.55847656,0,0,0.995262
0,28.52,28.08,15.89,11.10083984,7.185429688,0.98457223,0,1
0,28.5,16.08,16.52,55.33741211,41.34070313,0.564210526,0,0.998422
0,28.5,0,20.48,47.83949219,29.33057617,0,0,1.000461
0,28.29,8.63,19.89,95.4080957,70.38708984,0.30505479,0,0.999174
0,28.29,8.63,19.89,95.4080957,70.38708984,0.30505479,0,0.999174
0,28.26,22.89,6.93,23.52807617,13.98583984,0.809978769,0,0.99917
0,28.24,0,10.93,39.28443359,28.45300781,0,0,0.999459
0,28.16,27.66,11.88,113.5983984,87.53259766,0.982244318,0,0.998687
0,28.01,0,14.87,41.20655273,29.07276367,0,0,0.996667
0,27.94,0,4.18,23.53882813,18.02368164,0,0,0.999405
0,27.94,16.79,27.52,111.2147363,83.29382813,0.600930565,0,1
0,27.91,0,22.78,30.0553125,24.32605469,0,0,1
0,27.79,7.87,8.46,88.87610352,70.48925781,0.283195394,0,1
0,27.79,0,14.94,29.27112305,20.01257813,0,0,0.998274
0,27.79,27.4,27.48,73.40064453,52.83630859,0.985966175,0,0.997663
0,27.79,0,14.94,29.27112305,20.01257813,0,0,0.998274
0,27.77,24.07,20.21,48.88831055,30.42737305,0.866762694,0.000612745,0.993102
0,27.75,13.69,7.68,39.26477539,29.06982422,0.493333333,0,0.995796
0,27.65,4.83,6.76,33.3309375,25.37963867,0.174683544,0,0.998633
0,27.64,0,17.28,94.59229492,67.1212207,0,0,0.998642
0,27.64,0,17.28,94.59229492,67.1212207,0,0,0.998642
0,27.61,1.9,7.99,41.98804688,31.20484375,0.068815647,0,0.99852
0,27.6,6.87,21.05,119.7747852,91.69458008,0.248913043,0.000114534,0.998968
0,27.58,27.58,17.99,11.69544922,7.157109375,1,0,0.993093
0,27.56,26.68,11.45,21.8584082,14.15442383,0.968069666,0,0.999491
0,27.56,27.56,4,12.6134082,8.300292969,1,0,0.998858
0,27.56,26.68,11.45,21.8584082,14.15442383,0.968069666,0,0.999491
0,27.48,14.68,13.14,33.31202148,21.89282227,0.534206696,0,0.99977
0,27.42,27.34,36.43,235.1732324,178.125127,0.997082422,0,0.998815
0,27.32,0,5.33,8.313730469,5.497685547,0,0,1
0,27.3,27.28,10.75,33.44288086,25.90209961,0.999267399,0,0.999779
0,27.3,27.28,10.75,33.44288086,25.90209961,0.999267399,0,0.999779
0,27.28,6.61,8.72,60.37963867,47.93115234,0.242302053,0,0.99896
0,27.25,14.47,6.77,36.09546875,29.17175781,0.531009174,0,0.999553
0,27.21,27.13,23.46,47.80958008,34.99158203,0.997059904,0,0.997511
0,27.2,5.65,7.46,26.78041016,19.24708008,0.207720588,0,0.998881
0,27.19,26.99,20.32,15.62416016,10.71192383,0.992644355,0,0.994805
0,27.17,2.36,12.54,80.63819336,62.96387695,0.086860508,0,0.999716
0,27.07,0,42.51,135.8935645,94.75292969,0,0,0.997457
0,27.07,0,42.51,135.8935645,94.75292969,0,0,0.997457
0,27.07,0,44.69,298.2282813,174.9550781,0,0,0.998717
0,27.07,0,42.51,135.8935645,94.75292969,0,0,0.997457
0,27.03,0,6.48,44.51795898,33.79260742,0,0,0.997643
0,26.92,23.01,38.72,117.6013281,91.52258789,0.854754829,0,0.9998
0,26.91,19.52,11.06,212.908584,150.8060352,0.725380899,0,1
0,26.88,26.7,20.6,91.95545898,69.77161133,0.993303571,0,0.999739
0,26.86,0,7.96,42.78199219,31.21900391,0,0,1
0,26.83,0.01,6.1,14.45655273,10.38123047,0.000372717,0,0.996492
0,26.83,0.01,6.1,14.45655273,10.38123047,0.000372717,0,0.996492
0,26.74,26.64,4,51.24329102,28.92016602,0.996260284,0,1
0,26.69,25.69,5.89,13.73926758,8.935917969,0.962532784,0,0.994993
0,26.65,19.57,17.99,162.4011426,107.8808691,0.734333959,0,0.999861
0,26.62,12.78,21.19,104.1959277,80.48376953,0.480090158,0,0.99967
0,26.55,0,8,58.7912793,41.40723633,0,0,0.990895
0,26.54,0.37,12.54,21.59327148,15.90064453,0.013941221,0,0.996614
0,26.54,0.37,12.54,21.59327148,15.90064453,0.013941221,0,0.996614
0,26.54,0.37,12.54,21.59327148,15.90064453,0.013941221,0,0.996614
0,26.51,7.63,2,19.40552734,14.11487305,0.287815919,0,0.999132
0,26.51,7.63,2,19.40552734,14.11487305,0.287815919,0,0.999132
0,26.43,0,15.61,27.10926758,18.68298828,0,0,0.999748
0,26.42,0.03,14,60.70545898,44.07740234,0.001135503,0.001387989,0.996706
0,26.42,26.31,7.85,68.02650391,47.3309375,0.995836488,0,1
0,26.42,0.03,14,60.70545898,44.07740234,0.001135503,0.001387989,0.996706
0,26.42,0.03,14,60.70545898,44.07740234,0.001135503,0.001387989,0.996706
0,26.42,0.03,14,60.70545898,44.07740234,0.001135503,0.001387989,0.996706
0,26.39,9.73,15.54,105.9992773,72.83337891,0.368700265,0,1.000476
0,26.39,9.73,15.54,105.9992773,72.83337891,0.368700265,0,1.000476
0,26.39,9.73,15.54,105.9992773,72.83337891,0.368700265,0,1.000476
0,26.39,9.73,15.54,105.9992773,72.83337891,0.368700265,0,1.000476
0,26.37,0,9.99,39.67725586,30.28443359,0,0,0.997527
0,26.37,1.92,35.72,105.7487891,79.89087891,0.072810011,0,0.998513
0,26.36,26.16,9.92,106.0429785,63.46802734,0.992412747,0,0.998734
0,26.24,26.19,10.21,43.32641602,30.77636719,0.998094512,0,0.99972
0,26.18,0,12.15,23.49939453,17.43762695,0,0,0.999122
0,26.13,26.13,8,112.5251563,73.66711914,1,0,1
0,26.08,0,17.18,104.939707,76.4156543,0,0,0.999328
0,26.08,0,17.18,104.939707,76.4156543,0,0,0.999328
0,26.07,0.02,10.31,30.05225586,23.24084961,0.000767165,0,0.997892
0,26.01,0.37,21.52,20.04616211,13.07569336,0.014225298,0,0.997837
0,25.99,25.92,19.82,33.57226563,24.40039063,0.997306656,0,0.998802
0,25.98,25.96,39.48,498.8636621,342.8140918,0.999230177,0,0.999767
0,25.96,25.89,6.54,13.16603516,9.496103516,0.997303544,0,0.999497
0,25.95,20.52,8.17,15.72498047,10.77551758,0.790751445,0,0.998132
0,25.83,0,11.59,8.594130859,5.672128906,0,0,0.998502
0,25.79,0,15.34,56.09730469,38.61584961,0,0,1.000201
0,25.73,0.83,7.99,62.73816406,47.35046875,0.032258065,0,1.000242
0,25.73,0.83,7.99,62.73816406,47.35046875,0.032258065,0,1.000242
0,25.73,0.83,7.99,62.73816406,47.35046875,0.032258065,0,1.000242
0,25.7,15.81,14.68,41.88953125,31.00634766,0.615175097,0,1
0,25.7,15.81,14.68,41.88953125,31.00634766,0.615175097,0,1
0,25.69,0,23.75,208.5633594,137.4075977,0,0,0.999377
0,25.69,25.65,5.74,27.93542969,16.22753906,0.998442974,0,0.999816
0,25.69,4.23,14.1,25.43446289,17.00330078,0.164655508,0,0.998689
0,25.69,25.65,5.74,27.93542969,16.22753906,0.998442974,0,0.999816
0,25.57,0.57,9.75,42.4525293,26.87537109,0.022291748,0,0.999479
0,25.57,0.57,9.75,42.4525293,26.87537109,0.022291748,0,0.999479
0,25.55,3.61,31.36,70.86291992,52.94482422,0.141291585,0,0.996725
0,25.54,2.29,3.89,4.829599609,3.352910156,0.089663273,0,0.994772
